{"loss": [1.6008923053741455, 1.2880780696868896, 1.1850374937057495, 1.1190568208694458, 1.0639982223510742, 1.019020915031433, 0.9818569421768188, 0.9466944336891174, 0.9125273823738098, 0.8838527202606201, 0.8636493682861328, 0.8338720202445984, 0.80878746509552, 0.7882118225097656, 0.7729459404945374, 0.7520337700843811, 0.7333611249923706, 0.7123757004737854, 0.7051984667778015, 0.6803516745567322, 0.6639233827590942, 0.6548669338226318, 0.636820375919342, 0.6231743097305298, 0.6134234666824341, 0.5975513458251953, 0.5867142081260681, 0.5693565011024475, 0.5603353381156921, 0.5494454503059387, 0.5398443937301636, 0.5264483094215393, 0.5179765820503235, 0.5104901194572449, 0.49731796979904175, 0.48403728008270264, 0.47992947697639465, 0.4606150984764099, 0.4534359276294708, 0.44884344935417175, 0.4417707920074463, 0.4363057017326355, 0.42175570130348206, 0.4110652208328247, 0.4070592522621155, 0.4028192460536957, 0.3916804790496826, 0.38688719272613525, 0.37605229020118713, 0.3675030469894409], "sparse_categorical_accuracy": [0.44200000166893005, 0.553514301776886, 0.5893714427947998, 0.6177714467048645, 0.6352857351303101, 0.6499142646789551, 0.6632285714149475, 0.6748571395874023, 0.6875714063644409, 0.6975142955780029, 0.7043428421020508, 0.7148857116699219, 0.7246000170707703, 0.7296285629272461, 0.7344571352005005, 0.7414000034332275, 0.748371422290802, 0.756942868232727, 0.758228600025177, 0.7694857120513916, 0.774657130241394, 0.7778000235557556, 0.782800018787384, 0.7887428402900696, 0.7906571626663208, 0.7979999780654907, 0.8023714423179626, 0.8074571490287781, 0.808657169342041, 0.8144857287406921, 0.8180000185966492, 0.8225428462028503, 0.824828565120697, 0.8284571170806885, 0.8323143124580383, 0.8383714556694031, 0.8395143151283264, 0.8458571434020996, 0.847171425819397, 0.8505714535713196, 0.8515142798423767, 0.8515428304672241, 0.8590285778045654, 0.8649142980575562, 0.8650000095367432, 0.8640285730361938, 0.8692285418510437, 0.8690857291221619, 0.8750571608543396, 0.8774571418762207], "val_loss": [1.3520252704620361, 1.2500033378601074, 1.2281616926193237, 1.1908082962036133, 1.166229248046875, 1.1434234380722046, 1.1868685483932495, 1.1121385097503662, 1.102378249168396, 1.124313235282898, 1.1230487823486328, 1.122143268585205, 1.1264262199401855, 1.136953592300415, 1.1002905368804932, 1.1076087951660156, 1.0900226831436157, 1.1191152334213257, 1.0880886316299438, 1.120373010635376, 1.1350797414779663, 1.1498855352401733, 1.1856203079223633, 1.1636309623718262, 1.1703660488128662, 1.1466466188430786, 1.152508020401001, 1.1857796907424927, 1.192449927330017, 1.1907232999801636, 1.236289143562317, 1.237192988395691, 1.2675378322601318, 1.2871699333190918, 1.249408483505249, 1.3092080354690552, 1.3063849210739136, 1.3015719652175903, 1.326291561126709, 1.328046441078186, 1.3429651260375977, 1.356124758720398, 1.3399101495742798, 1.3804227113723755, 1.3999415636062622, 1.4421347379684448, 1.414913535118103, 1.534719705581665, 1.4919301271438599, 1.4915131330490112], "val_sparse_categorical_accuracy": [0.5303999781608582, 0.56086665391922, 0.5684666633605957, 0.5835333466529846, 0.5971333384513855, 0.6028666496276855, 0.5884666442871094, 0.614799976348877, 0.6187333464622498, 0.6119999885559082, 0.6151333451271057, 0.6179999709129333, 0.6169999837875366, 0.6134666800498962, 0.6321333050727844, 0.6291999816894531, 0.6384666562080383, 0.6269999742507935, 0.6402666568756104, 0.6324666738510132, 0.6299999952316284, 0.6299333572387695, 0.6131333112716675, 0.6254000067710876, 0.6251999735832214, 0.6365333199501038, 0.6305333375930786, 0.6297333240509033, 0.631600022315979, 0.6327333450317383, 0.6218000054359436, 0.6270666718482971, 0.6202666759490967, 0.6185333132743835, 0.6263999938964844, 0.6182666420936584, 0.6165333390235901, 0.6267333626747131, 0.6186666488647461, 0.6169999837875366, 0.6146000027656555, 0.6143333315849304, 0.6223999857902527, 0.6174666881561279, 0.6159999966621399, 0.612333357334137, 0.6178666949272156, 0.5957333445549011, 0.6124666929244995, 0.6078000068664551]}