{"loss": [1.5525541305541992, 1.1663615703582764, 0.9986779093742371, 0.8896284103393555, 0.8041183352470398, 0.7380322813987732, 0.6704432368278503, 0.6212030649185181, 0.5636889934539795, 0.5134937763214111, 0.4724169671535492, 0.4171830117702484, 0.3823834955692291, 0.337847501039505, 0.3047782778739929, 0.2723565399646759, 0.24000047147274017, 0.2184707522392273, 0.18679054081439972, 0.1721516102552414, 0.1570599228143692, 0.12725457549095154, 0.113027423620224, 0.1170886754989624, 0.11144156754016876, 0.10080555081367493, 0.1011817678809166, 0.09096361696720123, 0.0813736617565155, 0.08514904975891113, 0.08399735391139984, 0.06652450561523438, 0.08136653155088425, 0.07511700689792633, 0.07631386816501617, 0.06126607209444046, 0.07376562803983688, 0.08996135741472244, 0.04795704036951065, 0.05210914462804794, 0.08773471415042877, 0.05940926447510719, 0.059580691158771515, 0.07405830174684525, 0.05924186110496521, 0.0699421688914299, 0.07203816622495651, 0.053762368857860565, 0.05324925109744072, 0.061082400381565094], "sparse_categorical_accuracy": [0.43788570165634155, 0.5920000076293945, 0.6517142653465271, 0.6898000240325928, 0.720714271068573, 0.7463428378105164, 0.7684857249259949, 0.7884857058525085, 0.8056285977363586, 0.8233143091201782, 0.8370285630226135, 0.8546000123023987, 0.8658571243286133, 0.8813142776489258, 0.8922571539878845, 0.90420001745224, 0.9170571565628052, 0.9243142604827881, 0.9354857206344604, 0.9390285611152649, 0.9447428584098816, 0.956342875957489, 0.9615428447723389, 0.9590571522712708, 0.9607428312301636, 0.9646285772323608, 0.9634857177734375, 0.9682285785675049, 0.972257137298584, 0.9698285460472107, 0.970457136631012, 0.9764857292175293, 0.972000002861023, 0.972599983215332, 0.9726571440696716, 0.978685736656189, 0.9750285744667053, 0.9694571495056152, 0.9823428392410278, 0.982114315032959, 0.9696000218391418, 0.9797999858856201, 0.9789714217185974, 0.9746285676956177, 0.9802571535110474, 0.9764571189880371, 0.9755428433418274, 0.9824285507202148, 0.9820857048034668, 0.9796000123023987], "val_loss": [1.300594449043274, 1.064704418182373, 0.9874147772789001, 0.9876241087913513, 0.9799464344978333, 0.8712717294692993, 0.8542831540107727, 0.8679907917976379, 0.8266469240188599, 0.8254222273826599, 0.8515933156013489, 0.9088611602783203, 0.9728469848632812, 0.9696907997131348, 1.0101209878921509, 1.0819462537765503, 1.1748064756393433, 1.1788657903671265, 1.2225123643875122, 1.2965012788772583, 1.38668692111969, 1.526401162147522, 1.4906413555145264, 1.6572754383087158, 1.6890320777893066, 1.6739091873168945, 1.7364754676818848, 1.8183859586715698, 1.946130394935608, 1.9918320178985596, 1.9175797700881958, 2.103965997695923, 2.0533738136291504, 2.1617608070373535, 2.127725839614868, 2.217426061630249, 2.2913877964019775, 2.354055166244507, 2.2868428230285645, 2.539886951446533, 2.342578649520874, 2.372016668319702, 2.4162099361419678, 2.5028727054595947, 2.595045804977417, 2.5708508491516113, 2.6413068771362305, 2.6343631744384766, 2.7456607818603516, 2.7067465782165527], "val_sparse_categorical_accuracy": [0.5340666770935059, 0.6230666637420654, 0.6565999984741211, 0.658133327960968, 0.659333348274231, 0.7016666531562805, 0.7084000110626221, 0.7076666951179504, 0.72079998254776, 0.7245333194732666, 0.7206000089645386, 0.7167333364486694, 0.7103999853134155, 0.716533362865448, 0.7195333242416382, 0.7074000239372253, 0.7009999752044678, 0.7110000252723694, 0.7182666659355164, 0.7184666395187378, 0.7103333473205566, 0.7008000016212463, 0.7081999778747559, 0.6983333230018616, 0.6919333338737488, 0.7059999704360962, 0.706933319568634, 0.7021333575248718, 0.6961333155632019, 0.6958000063896179, 0.7040666937828064, 0.6985333561897278, 0.701533317565918, 0.6956666707992554, 0.7039999961853027, 0.7037333250045776, 0.6904000043869019, 0.6917333602905273, 0.7067333459854126, 0.6990666389465332, 0.7005333304405212, 0.7003333568572998, 0.7031333446502686, 0.7021999955177307, 0.6966000199317932, 0.6970000267028809, 0.694266676902771, 0.7026000022888184, 0.7009999752044678, 0.70660001039505]}