{"loss": [1.5994492769241333, 1.0953757762908936, 0.8687222599983215, 0.7262347936630249, 0.6147684454917908, 0.5144014358520508, 0.42856791615486145, 0.348870187997818, 0.2838047444820404, 0.21651865541934967, 0.18717806041240692, 0.15773162245750427, 0.1307183802127838, 0.12184640020132065, 0.11903057992458344, 0.10735005885362625, 0.1040148138999939, 0.10053527355194092, 0.0882108137011528, 0.09933961927890778, 0.09798051416873932, 0.08882752060890198, 0.08770577609539032, 0.08665788173675537, 0.07786231487989426, 0.06983955204486847, 0.08921175450086594, 0.07842053472995758, 0.08483538776636124, 0.06829879432916641, 0.08393986523151398, 0.07795663177967072, 0.08413466811180115, 0.07525870203971863, 0.06532798707485199, 0.08205357939004898, 0.0783829465508461, 0.07140705734491348, 0.069179005920887, 0.07481493055820465, 0.0762203186750412, 0.07613586634397507, 0.0699390172958374, 0.06219132989645004, 0.05402083322405815, 0.07942531257867813, 0.07540392875671387, 0.0638861432671547, 0.06615998595952988, 0.0619867742061615], "sparse_categorical_accuracy": [0.4122285842895508, 0.6126571297645569, 0.6952000260353088, 0.744685709476471, 0.7859143018722534, 0.8207428455352783, 0.850428581237793, 0.8780571222305298, 0.8991714119911194, 0.9246285557746887, 0.933657169342041, 0.9426571130752563, 0.9538857340812683, 0.9568571448326111, 0.957971453666687, 0.9628285765647888, 0.9642000198364258, 0.9650571346282959, 0.969085693359375, 0.9660285711288452, 0.9669714570045471, 0.9691143035888672, 0.9702571630477905, 0.9711999893188477, 0.973800003528595, 0.9773714542388916, 0.9697428345680237, 0.9742000102996826, 0.9711714386940002, 0.9763714075088501, 0.9721428751945496, 0.9739999771118164, 0.9732571244239807, 0.975428581237793, 0.978771448135376, 0.9739428758621216, 0.9758856892585754, 0.977400004863739, 0.9784571528434753, 0.9771142601966858, 0.9762856960296631, 0.9757428765296936, 0.9784571528434753, 0.9800857305526733, 0.9827142953872681, 0.975342869758606, 0.9775999784469604, 0.9800285696983337, 0.9795714020729065, 0.9809428453445435], "val_loss": [1.361194133758545, 0.9819049835205078, 0.897757351398468, 0.7692279815673828, 0.732117772102356, 0.7728366255760193, 0.7520470023155212, 0.800354540348053, 0.8728750944137573, 0.974571168422699, 1.0722997188568115, 1.0918306112289429, 1.2824358940124512, 1.2530568838119507, 1.2439478635787964, 1.3833112716674805, 1.3584554195404053, 1.4476563930511475, 1.3695825338363647, 1.453116536140442, 1.625057578086853, 1.5281394720077515, 1.5676063299179077, 1.676743745803833, 1.6849603652954102, 1.7324519157409668, 1.702223777770996, 1.6740885972976685, 1.6959145069122314, 1.825031042098999, 1.8337433338165283, 1.962712287902832, 1.9065648317337036, 1.9233012199401855, 1.939570665359497, 1.8923407793045044, 1.9935170412063599, 1.976644515991211, 2.0754804611206055, 1.958275318145752, 2.254286050796509, 2.203627586364746, 2.008370876312256, 2.178295135498047, 2.092189073562622, 2.1596121788024902, 2.2295000553131104, 2.1345748901367188, 2.1664180755615234, 2.269731283187866], "val_sparse_categorical_accuracy": [0.4960666596889496, 0.6534666419029236, 0.6878666877746582, 0.7327333092689514, 0.7426000237464905, 0.7311333417892456, 0.748533308506012, 0.7580666542053223, 0.7536666393280029, 0.7348666787147522, 0.7463333606719971, 0.7519333362579346, 0.7409999966621399, 0.7417333126068115, 0.7483999729156494, 0.7438666820526123, 0.7355333566665649, 0.7403333187103271, 0.747866690158844, 0.7432000041007996, 0.7421333193778992, 0.7353333234786987, 0.743066668510437, 0.7287333607673645, 0.7454666495323181, 0.7428666949272156, 0.7446666955947876, 0.739799976348877, 0.7414000034332275, 0.7411999702453613, 0.740933358669281, 0.7447333335876465, 0.7369999885559082, 0.7322666645050049, 0.7322666645050049, 0.7380666732788086, 0.7399333119392395, 0.7253999710083008, 0.7351333498954773, 0.7265999913215637, 0.730733335018158, 0.7417333126068115, 0.7379999756813049, 0.7429333329200745, 0.7455999851226807, 0.7356666922569275, 0.741266667842865, 0.7456666827201843, 0.7426000237464905, 0.7418666481971741]}