{"loss": [1.5593440532684326, 1.2076493501663208, 1.0617434978485107, 0.964907705783844, 0.889316201210022, 0.8340959548950195, 0.7810767292976379, 0.7420774698257446, 0.7060772776603699, 0.6710152626037598, 0.6459818482398987, 0.6107713580131531, 0.5863255858421326, 0.562857985496521, 0.5323981046676636, 0.5127148032188416, 0.4855220913887024, 0.4682762920856476, 0.4464115798473358, 0.42429208755493164, 0.40891745686531067, 0.39292311668395996, 0.3749780058860779, 0.35349583625793457, 0.3428078889846802, 0.32844194769859314, 0.31695356965065, 0.29903677105903625, 0.28556984663009644, 0.27436259388923645, 0.26076146960258484, 0.24606844782829285, 0.23753295838832855, 0.2284124791622162, 0.2150673121213913, 0.20838545262813568, 0.19856952130794525, 0.18934616446495056, 0.18488438427448273, 0.1809511035680771, 0.166819766163826, 0.16495142877101898, 0.14533504843711853, 0.14596118032932281, 0.14178931713104248, 0.1410783976316452, 0.12581248581409454, 0.12777499854564667, 0.11755313724279404, 0.11778051406145096], "sparse_categorical_accuracy": [0.4441142976284027, 0.5804857015609741, 0.6293714046478271, 0.6685428619384766, 0.6943714022636414, 0.7147714495658875, 0.73237144947052, 0.7454571723937988, 0.7577142715454102, 0.7683428525924683, 0.7777143120765686, 0.7881428599357605, 0.7990857362747192, 0.8062285780906677, 0.8180285692214966, 0.8236857056617737, 0.833228588104248, 0.8368285894393921, 0.8446571230888367, 0.8521999716758728, 0.8588571548461914, 0.8641142845153809, 0.8712000250816345, 0.8769999742507935, 0.879800021648407, 0.8869714140892029, 0.8893428444862366, 0.8968285918235779, 0.9010857343673706, 0.9073428511619568, 0.9092000126838684, 0.9165999889373779, 0.9161428809165955, 0.920371413230896, 0.9264000058174133, 0.928857147693634, 0.9315428733825684, 0.9337999820709229, 0.9364571571350098, 0.9369999766349792, 0.9423999786376953, 0.9438571333885193, 0.9522285461425781, 0.9500571489334106, 0.9516000151634216, 0.9512285590171814, 0.9578857421875, 0.9568285942077637, 0.9604856967926025, 0.9595714211463928], "val_loss": [1.3017849922180176, 1.1276254653930664, 1.0424984693527222, 0.9900834560394287, 0.9861389398574829, 0.9339537024497986, 0.9143356084823608, 0.8979817628860474, 0.9125068783760071, 0.9190670847892761, 0.9088083505630493, 0.8964110016822815, 0.9501972794532776, 0.9714154005050659, 0.9393612146377563, 1.0037071704864502, 0.9717422723770142, 1.004671573638916, 1.0223802328109741, 1.0551292896270752, 1.0905609130859375, 1.0954179763793945, 1.0973037481307983, 1.1363489627838135, 1.1839934587478638, 1.2208747863769531, 1.2021089792251587, 1.295750379562378, 1.3335509300231934, 1.3384857177734375, 1.3641266822814941, 1.3933240175247192, 1.4634648561477661, 1.4429044723510742, 1.5095282793045044, 1.5321025848388672, 1.5602123737335205, 1.5876545906066895, 1.6536507606506348, 1.6763116121292114, 1.7384223937988281, 1.8140109777450562, 1.840333342552185, 1.8611462116241455, 1.889222502708435, 1.9731431007385254, 2.0384466648101807, 2.0467629432678223, 2.1012678146362305, 2.1644697189331055], "val_sparse_categorical_accuracy": [0.5468666553497314, 0.5979333519935608, 0.637066662311554, 0.6565333604812622, 0.6562666893005371, 0.6750666499137878, 0.6836666464805603, 0.6944000124931335, 0.6872666478157043, 0.6874666810035706, 0.6966666579246521, 0.6994666457176208, 0.6868000030517578, 0.6854666471481323, 0.7000666856765747, 0.6852666735649109, 0.6920666694641113, 0.6890000104904175, 0.6866666674613953, 0.6862000226974487, 0.6796666383743286, 0.6844000220298767, 0.683733344078064, 0.6862000226974487, 0.6796000003814697, 0.680400013923645, 0.6838666796684265, 0.6711333394050598, 0.6733333468437195, 0.6783999800682068, 0.6708666682243347, 0.673799991607666, 0.6732666492462158, 0.6751333475112915, 0.6659333109855652, 0.6692000031471252, 0.6744666695594788, 0.6738666892051697, 0.6694666743278503, 0.6696666479110718, 0.6654000282287598, 0.6611999869346619, 0.6696666479110718, 0.6666666865348816, 0.6674000024795532, 0.6645333170890808, 0.6590666770935059, 0.6607999801635742, 0.6597333550453186, 0.6600000262260437]}