{"loss": [1.5231119394302368, 1.0581761598587036, 0.8566127419471741, 0.7335811853408813, 0.6337535381317139, 0.5385622382164001, 0.44647201895713806, 0.37107548117637634, 0.29314008355140686, 0.24203038215637207, 0.18469728529453278, 0.14892299473285675, 0.12359216064214706, 0.11852921545505524, 0.09734916687011719, 0.09473992139101028, 0.08126180619001389, 0.09119479358196259, 0.07007072865962982, 0.07498253881931305, 0.07520896196365356, 0.059846993535757065, 0.07826981693506241, 0.07203438878059387, 0.06028931215405464, 0.05633704364299774, 0.07538419961929321, 0.05840707942843437, 0.05135625973343849, 0.051833201199769974, 0.07492930442094803, 0.058374423533678055, 0.05943397805094719, 0.05242950841784477, 0.05072396248579025, 0.04062778502702713, 0.0622527077794075, 0.051184285432100296, 0.044970352202653885, 0.05368753522634506, 0.06107945740222931, 0.05073734000325203, 0.056889038532972336, 0.047422654926776886, 0.0636390745639801, 0.04424864798784256, 0.029085123911499977, 0.03992107883095741, 0.05910526588559151, 0.06075805053114891], "sparse_categorical_accuracy": [0.4528571367263794, 0.6303428411483765, 0.7046856880187988, 0.7474571466445923, 0.7812285423278809, 0.8155428767204285, 0.8473142981529236, 0.8718000054359436, 0.8996000289916992, 0.9178000092506409, 0.9359714388847351, 0.9473142623901367, 0.9574000239372253, 0.9577428698539734, 0.9670571684837341, 0.9664857387542725, 0.972428560256958, 0.9682857394218445, 0.977314293384552, 0.9747428297996521, 0.9732857346534729, 0.9791714549064636, 0.9734571576118469, 0.9745714068412781, 0.9794856905937195, 0.980485737323761, 0.9733714461326599, 0.9806285500526428, 0.9825142621994019, 0.9822285771369934, 0.9762571454048157, 0.9804571270942688, 0.9798856973648071, 0.9827142953872681, 0.9835714101791382, 0.9869142770767212, 0.9800285696983337, 0.9825999736785889, 0.9853428602218628, 0.9830571413040161, 0.980742871761322, 0.9843428730964661, 0.9819428324699402, 0.9850000143051147, 0.980571448802948, 0.9855999946594238, 0.9905428290367126, 0.9863142967224121, 0.9827714562416077, 0.9813714027404785], "val_loss": [1.2171006202697754, 0.9777073860168457, 0.8582575917243958, 0.8502063155174255, 0.8130795955657959, 0.7986545562744141, 0.8478840589523315, 0.8458017110824585, 0.9911592602729797, 1.014791488647461, 1.0569689273834229, 1.1794534921646118, 1.277417778968811, 1.3239328861236572, 1.44086492061615, 1.465498924255371, 1.5972614288330078, 1.5839025974273682, 1.6799079179763794, 1.72088623046875, 1.8146986961364746, 1.8727099895477295, 1.9069652557373047, 1.9219374656677246, 1.9551323652267456, 1.987829327583313, 2.0615177154541016, 2.1390573978424072, 2.2188313007354736, 2.3345556259155273, 2.1798818111419678, 2.2866554260253906, 2.503594160079956, 2.418006181716919, 2.2861874103546143, 2.641101121902466, 2.3514487743377686, 2.5296456813812256, 2.508410930633545, 2.555461883544922, 2.6649386882781982, 2.6839938163757324, 2.703157901763916, 2.7945830821990967, 2.93070912361145, 2.854757785797119, 2.8636560440063477, 2.9706552028656006, 2.954470157623291, 2.9143471717834473], "val_sparse_categorical_accuracy": [0.5672666430473328, 0.6617333292961121, 0.6977333426475525, 0.7048666477203369, 0.7217333316802979, 0.7316666841506958, 0.7217333316802979, 0.7411333322525024, 0.7224666476249695, 0.7238666415214539, 0.7319333553314209, 0.7278666496276855, 0.7119333148002625, 0.7211333513259888, 0.7230666875839233, 0.7200000286102295, 0.7179333567619324, 0.7268666625022888, 0.7156000137329102, 0.7091333270072937, 0.7214666604995728, 0.7200000286102295, 0.7182000279426575, 0.7221333384513855, 0.7201333045959473, 0.7197999954223633, 0.7128000259399414, 0.717199981212616, 0.7187333106994629, 0.7134000062942505, 0.7261999845504761, 0.7182000279426575, 0.7137333154678345, 0.7174666523933411, 0.722000002861023, 0.7141333222389221, 0.7195333242416382, 0.7228666543960571, 0.7213333249092102, 0.7260000109672546, 0.7190666794776917, 0.7054666876792908, 0.7128666639328003, 0.7196000218391418, 0.7146000266075134, 0.7169333100318909, 0.7142666578292847, 0.7080666422843933, 0.7148666381835938, 0.7137333154678345]}