{"loss": [1.6603009700775146, 1.6577775478363037, 1.6568440198898315, 1.6562175750732422, 1.6556439399719238, 1.655494213104248, 1.655272126197815, 1.6551907062530518, 1.6550853252410889, 1.6551207304000854, 1.6551440954208374, 1.6550097465515137, 1.6550403833389282, 1.6549263000488281, 1.6551240682601929, 1.6549665927886963, 1.654994249343872, 1.654999017715454, 1.6549268960952759, 1.6549755334854126], "sparse_categorical_accuracy": [0.21070460975170135, 0.19427506625652313, 0.16954606771469116, 0.18309620022773743, 0.1907181590795517, 0.14227642118930817, 0.14227642118930817, 0.14227642118930817, 0.14227642118930817, 0.14227642118930817, 0.15311652421951294, 0.14227642118930817, 0.14227642118930817, 0.14227642118930817, 0.14227642118930817, 0.14227642118930817, 0.14227642118930817, 0.14227642118930817, 0.14227642118930817, 0.14227642118930817], "val_loss": [1.6557382345199585, 1.6590845584869385, 1.6855870485305786, 1.6749094724655151, 1.659987449645996, 1.6833385229110718, 1.6813963651657104, 1.6763505935668945, 1.6758273839950562, 1.679735779762268, 1.6767222881317139, 1.6811171770095825, 1.6817691326141357, 1.6767019033432007, 1.6740343570709229, 1.6792060136795044, 1.6847505569458008, 1.6764421463012695, 1.6766823530197144, 1.6791586875915527], "val_sparse_categorical_accuracy": [0.11536941677331924, 0.11536941677331924, 0.11536941677331924, 0.11536941677331924, 0.06637692451477051, 0.06637692451477051, 0.06637692451477051, 0.06637692451477051, 0.06637692451477051, 0.06637692451477051, 0.06637692451477051, 0.06637692451477051, 0.06637692451477051, 0.06637692451477051, 0.06637692451477051, 0.06637692451477051, 0.06637692451477051, 0.06637692451477051, 0.06637692451477051, 0.06637692451477051]}