{"loss": [1.6601115465164185, 1.656503438949585, 1.656375765800476, 1.655314564704895, 1.655462384223938, 1.6552846431732178, 1.6552191972732544, 1.6551506519317627, 1.6550711393356323, 1.6551166772842407, 1.6550360918045044, 1.6549049615859985, 1.6550989151000977, 1.655005931854248, 1.6551109552383423, 1.654989242553711, 1.6550612449645996, 1.655098557472229, 1.655130386352539, 1.6550019979476929], "sparse_categorical_accuracy": [0.1629403829574585, 0.144308939576149, 0.14447832107543945, 0.14227642118930817, 0.14227642118930817, 0.14227642118930817, 0.15142276883125305, 0.14227642118930817, 0.14227642118930817, 0.14227642118930817, 0.14227642118930817, 0.14227642118930817, 0.14227642118930817, 0.14227642118930817, 0.14227642118930817, 0.14227642118930817, 0.14227642118930817, 0.14227642118930817, 0.14227642118930817, 0.14227642118930817], "val_loss": [1.617132544517517, 1.6461727619171143, 1.6493831872940063, 1.6673672199249268, 1.6671905517578125, 1.6763737201690674, 1.6743073463439941, 1.6747136116027832, 1.6775057315826416, 1.6788952350616455, 1.6794779300689697, 1.6799674034118652, 1.6793227195739746, 1.6794519424438477, 1.681432843208313, 1.6816655397415161, 1.6803736686706543, 1.6801034212112427, 1.6798999309539795, 1.6808662414550781], "val_sparse_categorical_accuracy": [0.06637692451477051, 0.11536941677331924, 0.06637692451477051, 0.06637692451477051, 0.06637692451477051, 0.06637692451477051, 0.06637692451477051, 0.06637692451477051, 0.06637692451477051, 0.06637692451477051, 0.06637692451477051, 0.06637692451477051, 0.06637692451477051, 0.06637692451477051, 0.06637692451477051, 0.06637692451477051, 0.06637692451477051, 0.06637692451477051, 0.06637692451477051, 0.06637692451477051]}