{"loss": [1.669015645980835, 1.6623948812484741, 1.6569302082061768, 1.6558154821395874, 1.6549679040908813, 1.6554487943649292, 1.6552876234054565, 1.654969573020935, 1.6558022499084473, 1.6555495262145996, 1.6552525758743286, 1.655321717262268, 1.6556041240692139, 1.6551573276519775, 1.6551741361618042, 1.6558692455291748, 1.6555101871490479, 1.6553831100463867, 1.6549800634384155, 1.6554489135742188], "sparse_categorical_accuracy": [0.17886178195476532, 0.14397019147872925, 0.1671748012304306, 0.1485433578491211, 0.16852980852127075, 0.14227642118930817, 0.14227642118930817, 0.14227642118930817, 0.14227642118930817, 0.14227642118930817, 0.14227642118930817, 0.14227642118930817, 0.14227642118930817, 0.14227642118930817, 0.14227642118930817, 0.14227642118930817, 0.14227642118930817, 0.14227642118930817, 0.14227642118930817, 0.14227642118930817], "val_loss": [1.679944634437561, 1.7234680652618408, 1.6786061525344849, 1.6588492393493652, 1.706480860710144, 1.6474543809890747, 1.6849066019058228, 1.637549877166748, 1.643274188041687, 1.6636079549789429, 1.6609915494918823, 1.6756458282470703, 1.6959683895111084, 1.683600664138794, 1.6902462244033813, 1.6927834749221802, 1.6979488134384155, 1.677595853805542, 1.6670758724212646, 1.685451626777649], "val_sparse_categorical_accuracy": [0.06993283331394196, 0.05333860218524933, 0.06637692451477051, 0.06637692451477051, 0.06637692451477051, 0.06637692451477051, 0.06637692451477051, 0.06637692451477051, 0.06637692451477051, 0.06637692451477051, 0.06637692451477051, 0.06637692451477051, 0.06637692451477051, 0.06637692451477051, 0.06637692451477051, 0.06637692451477051, 0.06637692451477051, 0.06637692451477051, 0.06637692451477051, 0.06637692451477051]}